"No.","Time","Source","Destination","Protocol","Length","Delay since first TCP frame in stream","Delay since previous TCP frame in stream","Info"
"1","0.000000000","127.0.0.1","127.0.0.1","TCP","74","0.000000000","0.000000000","53130  >  8822 [SYN] Seq=0 Win=65495 Len=0 MSS=65495 SACK_PERM=1 TSval=3015737484 TSecr=0 WS=128"
"2","0.000016052","127.0.0.1","127.0.0.1","TCP","74","0.000016052","0.000016052","8822  >  53130 [SYN, ACK] Seq=0 Ack=1 Win=65483 Len=0 MSS=65495 SACK_PERM=1 TSval=3015737484 TSecr=3015737484 WS=128"
"3","0.000030201","127.0.0.1","127.0.0.1","TCP","66","0.000030201","0.000014149","53130  >  8822 [ACK] Seq=1 Ack=1 Win=65536 Len=0 TSval=3015737484 TSecr=3015737484"
"4","0.003297333","127.0.0.1","127.0.0.1","TLSv1.3","418","0.003297333","0.003267132","Client Hello"
"5","0.003318381","127.0.0.1","127.0.0.1","TCP","66","0.003318381","0.000021048","8822  >  53130 [ACK] Seq=1 Ack=353 Win=65152 Len=0 TSval=3015737487 TSecr=3015737487"
"6","0.011744000","127.0.0.1","127.0.0.1","TLSv1.3","2253","0.011744000","0.008425619","Server Hello, Change Cipher Spec, Encrypted Extensions, Certificate, Certificate Verify, Finished"
"7","0.011761060","127.0.0.1","127.0.0.1","TCP","66","0.011761060","0.000017060","53130  >  8822 [ACK] Seq=353 Ack=2188 Win=63872 Len=0 TSval=3015737496 TSecr=3015737496"
"8","0.013609745","127.0.0.1","127.0.0.1","HTTP2","237","0.013609745","0.001848685","Magic, SETTINGS[0]"
"9","0.013625997","127.0.0.1","127.0.0.1","TCP","66","0.013625997","0.000016252","8822  >  53130 [ACK] Seq=2188 Ack=524 Win=65408 Len=0 TSval=3015737498 TSecr=3015737498"
"10","0.014132836","127.0.0.1","127.0.0.1","HTTP2","643","0.014132836","0.000506839","SETTINGS[0]"
"11","0.014147577","127.0.0.1","127.0.0.1","TCP","66","0.014147577","0.000014741","53130  >  8822 [ACK] Seq=524 Ack=2765 Win=65024 Len=0 TSval=3015737498 TSecr=3015737498"
"12","0.014555577","127.0.0.1","127.0.0.1","HTTP2","97","0.014555577","0.000408000","SETTINGS[0]"
"13","0.014561959","127.0.0.1","127.0.0.1","TCP","66","0.014561959","0.000006382","53130  >  8822 [ACK] Seq=524 Ack=2796 Win=65024 Len=0 TSval=3015737499 TSecr=3015737499"
"14","0.020742941","127.0.0.1","127.0.0.1","HTTP2","32834","0.020742941","0.006180982","HEADERS[1]: POST /post/0-60_18314587645695,24_831518950092683"
"15","0.020793788","127.0.0.1","127.0.0.1","TCP","66","0.020793788","0.000050847","8822  >  53130 [ACK] Seq=2796 Ack=33292 Win=48512 Len=0 TSval=3015737505 TSecr=3015737505"
"16","0.020851027","127.0.0.1","127.0.0.1","HTTP2","20049","0.020851027","0.000057239","DATA[1][TLS segment of a reassembled PDU], DATA[1], DATA[1], DATA[1], DATA[1]"
"17","0.020868741","127.0.0.1","127.0.0.1","TCP","66","0.020868741","0.000017714","8822  >  53130 [ACK] Seq=2796 Ack=53275 Win=37888 Len=0 TSval=3015737505 TSecr=3015737505"
"18","0.022503505","127.0.0.1","127.0.0.1","HTTP2","114","0.022503505","0.001634764","WINDOW_UPDATE[0], WINDOW_UPDATE[1]"
"19","0.022521628","127.0.0.1","127.0.0.1","TCP","66","0.022521628","0.000018123","53130  >  8822 [ACK] Seq=53275 Ack=2844 Win=65536 Len=0 TSval=3015737507 TSecr=3015737507"
"20","0.023459051","127.0.0.1","127.0.0.1","HTTP2","113","0.023459051","0.000937423","HEADERS[1]: 201 Created"
"21","0.023466150","127.0.0.1","127.0.0.1","TCP","66","0.023466150","0.000007099","53130  >  8822 [ACK] Seq=53275 Ack=2891 Win=65536 Len=0 TSval=3015737508 TSecr=3015737507"
"22","1.018230894","127.0.0.1","127.0.0.1","HTTP2","32834","1.018230894","0.994764744","HEADERS[3]: POST /post/0-60_18314587645695,24_831518950092683"
"23","1.018302936","127.0.0.1","127.0.0.1","HTTP2","13210","1.018302936","0.000072042","DATA[3][TLS segment of a reassembled PDU], DATA[3], DATA[3]"
"24","1.018549234","127.0.0.1","127.0.0.1","TCP","66","1.018549234","0.000246298","8822  >  53130 [ACK] Seq=2891 Ack=99187 Win=65536 Len=0 TSval=3015738503 TSecr=3015738502"
"25","1.020295213","127.0.0.1","127.0.0.1","HTTP2","101","1.020295213","0.001745979","WINDOW_UPDATE[0]"
"26","1.020309917","127.0.0.1","127.0.0.1","TCP","66","1.020309917","0.000014704","53130  >  8822 [ACK] Seq=99187 Ack=2926 Win=65536 Len=0 TSval=3015738504 TSecr=3015738504"
"27","1.021093886","127.0.0.1","127.0.0.1","HTTP2","101","1.021093886","0.000783969","WINDOW_UPDATE[3]"
"28","1.021111472","127.0.0.1","127.0.0.1","TCP","66","1.021111472","0.000017586","53130  >  8822 [ACK] Seq=99187 Ack=2961 Win=65536 Len=0 TSval=3015738505 TSecr=3015738505"
"29","1.022040220","127.0.0.1","127.0.0.1","HTTP2","6803","1.022040220","0.000928748","DATA[3], DATA[3] (JPEG JFIF image)"
"30","1.022181297","127.0.0.1","127.0.0.1","TCP","66","1.022181297","0.000141077","8822  >  53130 [ACK] Seq=2961 Ack=105924 Win=196480 Len=0 TSval=3015738506 TSecr=3015738506"
"31","1.022823652","127.0.0.1","127.0.0.1","HTTP2","101","1.022823652","0.000642355","WINDOW_UPDATE[0]"
"32","1.022831616","127.0.0.1","127.0.0.1","TCP","66","1.022831616","0.000007964","53130  >  8822 [ACK] Seq=105924 Ack=2996 Win=65536 Len=0 TSval=3015738507 TSecr=3015738507"
"33","1.023829810","127.0.0.1","127.0.0.1","HTTP2","100","1.023829810","0.000998194","HEADERS[3]: 201 Created"
"34","1.023840007","127.0.0.1","127.0.0.1","TCP","66","1.023840007","0.000010197","53130  >  8822 [ACK] Seq=105924 Ack=3030 Win=65536 Len=0 TSval=3015738508 TSecr=3015738508"
"35","2.018016712","127.0.0.1","127.0.0.1","HTTP2","52715","2.018016712","0.994176705","DATA[5], DATA[5], DATA[5], DATA[5], DATA[5]"
"36","2.018107121","127.0.0.1","127.0.0.1","TCP","66","2.018107121","0.000090409","8822  >  53130 [ACK] Seq=3030 Ack=158573 Win=327424 Len=0 TSval=3015739502 TSecr=3015739502"
"37","2.018840200","127.0.0.1","127.0.0.1","HTTP2","114","2.018840200","0.000733079","WINDOW_UPDATE[0], WINDOW_UPDATE[5]"
"38","2.018844378","127.0.0.1","127.0.0.1","TCP","66","2.018844378","0.000004178","53130  >  8822 [ACK] Seq=158573 Ack=3078 Win=65536 Len=0 TSval=3015739503 TSecr=3015739503"
"39","2.019666993","127.0.0.1","127.0.0.1","HTTP2","100","2.019666993","0.000822615","HEADERS[5]: 201 Created"
"40","2.019673752","127.0.0.1","127.0.0.1","TCP","66","2.019673752","0.000006759","53130  >  8822 [ACK] Seq=158573 Ack=3112 Win=65536 Len=0 TSval=3015739504 TSecr=3015739504"
"41","3.019286020","127.0.0.1","127.0.0.1","HTTP2","45978","3.019286020","0.999612268","DATA[7], DATA[7], DATA[7]"
"42","3.021883980","127.0.0.1","127.0.0.1","HTTP2","101","3.021883980","0.002597960","WINDOW_UPDATE[0]"
"43","3.021956340","127.0.0.1","127.0.0.1","TCP","66","3.021956340","0.000072360","53130  >  8822 [ACK] Seq=204485 Ack=3147 Win=65536 Len=0 TSval=3015740506 TSecr=3015740506"
"44","3.022565434","127.0.0.1","127.0.0.1","HTTP2","101","3.022565434","0.000609094","WINDOW_UPDATE[7]"
"45","3.022581387","127.0.0.1","127.0.0.1","TCP","66","3.022581387","0.000015953","53130  >  8822 [ACK] Seq=204485 Ack=3182 Win=65536 Len=0 TSval=3015740507 TSecr=3015740507"
"46","3.023328862","127.0.0.1","127.0.0.1","HTTP2","6803","3.023328862","0.000747475","DATA[7], DATA[7] (JPEG JFIF image)"
"47","3.023821321","127.0.0.1","127.0.0.1","HTTP2","101","3.023821321","0.000492459","WINDOW_UPDATE[0]"
"48","3.024388384","127.0.0.1","127.0.0.1","HTTP2","100","3.024388384","0.000567063","HEADERS[7]: 201 Created"
"49","3.024443362","127.0.0.1","127.0.0.1","TCP","66","3.024443362","0.000054978","53130  >  8822 [ACK] Seq=211222 Ack=3251 Win=65536 Len=0 TSval=3015740508 TSecr=3015740508"
"50","4.018997316","127.0.0.1","127.0.0.1","HTTP2","52715","4.018997316","0.994553954","DATA[9], DATA[9], DATA[9], DATA[9], DATA[9]"
"51","4.020905431","127.0.0.1","127.0.0.1","HTTP2","114","4.020905431","0.001908115","WINDOW_UPDATE[0], WINDOW_UPDATE[9]"
"52","4.022523956","127.0.0.1","127.0.0.1","HTTP2","100","4.022523956","0.001618525","HEADERS[9]: 201 Created"
"53","4.022640300","127.0.0.1","127.0.0.1","TCP","66","4.022640300","0.000116344","53130  >  8822 [ACK] Seq=263871 Ack=3333 Win=65536 Len=0 TSval=3015741507 TSecr=3015741505"
"54","5.018614210","127.0.0.1","127.0.0.1","HTTP2","45978","5.018614210","0.995973910","DATA[11], DATA[11], DATA[11]"
"55","5.020420598","127.0.0.1","127.0.0.1","HTTP2","101","5.020420598","0.001806388","WINDOW_UPDATE[0]"
"56","5.021237203","127.0.0.1","127.0.0.1","HTTP2","101","5.021237203","0.000816605","WINDOW_UPDATE[11]"
"57","5.021927731","127.0.0.1","127.0.0.1","TCP","66","5.021927731","0.000690528","53130  >  8822 [ACK] Seq=309783 Ack=3403 Win=65536 Len=0 TSval=3015742506 TSecr=3015742504"
"58","5.022273168","127.0.0.1","127.0.0.1","HTTP2","6803","5.022273168","0.000345437","DATA[11], DATA[11] (JPEG JFIF image)"
"59","5.022950090","127.0.0.1","127.0.0.1","HTTP2","101","5.022950090","0.000676922","WINDOW_UPDATE[0]"
"60","5.023961729","127.0.0.1","127.0.0.1","HTTP2","100","5.023961729","0.001011639","HEADERS[11]: 201 Created"
"61","5.024072419","127.0.0.1","127.0.0.1","TCP","66","5.024072419","0.000110690","53130  >  8822 [ACK] Seq=316520 Ack=3472 Win=65536 Len=0 TSval=3015742508 TSecr=3015742507"
"62","6.018026222","127.0.0.1","127.0.0.1","HTTP2","52715","6.018026222","0.993953803","DATA[13], DATA[13], DATA[13], DATA[13], DATA[13]"
"63","6.018854816","127.0.0.1","127.0.0.1","HTTP2","114","6.018854816","0.000828594","WINDOW_UPDATE[0], WINDOW_UPDATE[13]"
"64","6.019683254","127.0.0.1","127.0.0.1","HTTP2","100","6.019683254","0.000828438","HEADERS[13]: 201 Created"
"65","6.019744703","127.0.0.1","127.0.0.1","TCP","66","6.019744703","0.000061449","53130  >  8822 [ACK] Seq=369169 Ack=3554 Win=65536 Len=0 TSval=3015743504 TSecr=3015743503"
"66","7.018869123","127.0.0.1","127.0.0.1","HTTP2","45978","7.018869123","0.999124420","DATA[15], DATA[15], DATA[15]"
"67","7.020803193","127.0.0.1","127.0.0.1","HTTP2","101","7.020803193","0.001934070","WINDOW_UPDATE[0]"
"68","7.021519771","127.0.0.1","127.0.0.1","HTTP2","101","7.021519771","0.000716578","WINDOW_UPDATE[15]"
"69","7.022136670","127.0.0.1","127.0.0.1","TCP","66","7.022136670","0.000616899","53130  >  8822 [ACK] Seq=415081 Ack=3624 Win=65536 Len=0 TSval=3015744506 TSecr=3015744505"
"70","7.022514302","127.0.0.1","127.0.0.1","HTTP2","6803","7.022514302","0.000377632","DATA[15], DATA[15] (JPEG JFIF image)"
"71","7.023286973","127.0.0.1","127.0.0.1","HTTP2","101","7.023286973","0.000772671","WINDOW_UPDATE[0]"
"72","7.024575093","127.0.0.1","127.0.0.1","HTTP2","100","7.024575093","0.001288120","HEADERS[15]: 201 Created"
"73","7.024707274","127.0.0.1","127.0.0.1","TCP","66","7.024707274","0.000132181","53130  >  8822 [ACK] Seq=421818 Ack=3693 Win=65536 Len=0 TSval=3015744509 TSecr=3015744507"
"74","8.017962576","127.0.0.1","127.0.0.1","HTTP2","52715","8.017962576","0.993255302","DATA[17], DATA[17], DATA[17], DATA[17], DATA[17]"
"75","8.018853835","127.0.0.1","127.0.0.1","HTTP2","114","8.018853835","0.000891259","WINDOW_UPDATE[0], WINDOW_UPDATE[17]"
"76","8.019849941","127.0.0.1","127.0.0.1","HTTP2","100","8.019849941","0.000996106","HEADERS[17]: 201 Created"
"77","8.019947580","127.0.0.1","127.0.0.1","TCP","66","8.019947580","0.000097639","53130  >  8822 [ACK] Seq=474467 Ack=3775 Win=65536 Len=0 TSval=3015745504 TSecr=3015745503"
"78","9.018925544","127.0.0.1","127.0.0.1","HTTP2","45978","9.018925544","0.998977964","DATA[19], DATA[19], DATA[19]"
"79","9.020934897","127.0.0.1","127.0.0.1","HTTP2","101","9.020934897","0.002009353","WINDOW_UPDATE[0]"
"80","9.021421432","127.0.0.1","127.0.0.1","HTTP2","101","9.021421432","0.000486535","WINDOW_UPDATE[19]"
"81","9.021693748","127.0.0.1","127.0.0.1","TCP","66","9.021693748","0.000272316","53130  >  8822 [ACK] Seq=520379 Ack=3845 Win=65536 Len=0 TSval=3015746506 TSecr=3015746505"
"82","9.021821516","127.0.0.1","127.0.0.1","HTTP2","6803","9.021821516","0.000127768","DATA[19], DATA[19] (JPEG JFIF image)"
"83","9.022157288","127.0.0.1","127.0.0.1","HTTP2","101","9.022157288","0.000335772","WINDOW_UPDATE[0]"
"84","9.022778040","127.0.0.1","127.0.0.1","HTTP2","100","9.022778040","0.000620752","HEADERS[19]: 201 Created"
"85","9.022840986","127.0.0.1","127.0.0.1","TCP","66","9.022840986","0.000062946","53130  >  8822 [ACK] Seq=527116 Ack=3914 Win=65536 Len=0 TSval=3015746507 TSecr=3015746506"
"86","10.019101218","127.0.0.1","127.0.0.1","HTTP2","52715","10.019101218","0.996260232","DATA[21], DATA[21], DATA[21], DATA[21], DATA[21]"
"87","10.021850396","127.0.0.1","127.0.0.1","HTTP2","114","10.021850396","0.002749178","WINDOW_UPDATE[0], WINDOW_UPDATE[21]"
"88","10.024089985","127.0.0.1","127.0.0.1","HTTP2","100","10.024089985","0.002239589","HEADERS[21]: 201 Created"
"89","10.024248726","127.0.0.1","127.0.0.1","TCP","66","10.024248726","0.000158741","53130  >  8822 [ACK] Seq=579765 Ack=3996 Win=65536 Len=0 TSval=3015747508 TSecr=3015747506"
"90","11.019996371","127.0.0.1","127.0.0.1","HTTP2","45978","11.019996371","0.995747645","DATA[23], DATA[23], DATA[23]"
"91","11.022072437","127.0.0.1","127.0.0.1","HTTP2","101","11.022072437","0.002076066","WINDOW_UPDATE[0]"
"92","11.022866922","127.0.0.1","127.0.0.1","HTTP2","101","11.022866922","0.000794485","WINDOW_UPDATE[23]"
"93","11.023496538","127.0.0.1","127.0.0.1","TCP","66","11.023496538","0.000629616","53130  >  8822 [ACK] Seq=625677 Ack=4066 Win=65536 Len=0 TSval=3015748508 TSecr=3015748506"
"94","11.023788910","127.0.0.1","127.0.0.1","HTTP2","6803","11.023788910","0.000292372","DATA[23], DATA[23] (JPEG JFIF image)"
"95","11.024267669","127.0.0.1","127.0.0.1","HTTP2","101","11.024267669","0.000478759","WINDOW_UPDATE[0]"
"96","11.025113340","127.0.0.1","127.0.0.1","HTTP2","100","11.025113340","0.000845671","HEADERS[23]: 201 Created"
"97","11.025206044","127.0.0.1","127.0.0.1","TCP","66","11.025206044","0.000092704","53130  >  8822 [ACK] Seq=632414 Ack=4135 Win=65536 Len=0 TSval=3015748509 TSecr=3015748508"
"98","12.018724419","127.0.0.1","127.0.0.1","HTTP2","52715","12.018724419","0.993518375","DATA[25], DATA[25], DATA[25], DATA[25], DATA[25]"
"99","12.021278729","127.0.0.1","127.0.0.1","HTTP2","114","12.021278729","0.002554310","WINDOW_UPDATE[0], WINDOW_UPDATE[25]"
"100","12.023432656","127.0.0.1","127.0.0.1","HTTP2","100","12.023432656","0.002153927","HEADERS[25]: 201 Created"
"101","12.023691494","127.0.0.1","127.0.0.1","TCP","66","12.023691494","0.000258838","53130  >  8822 [ACK] Seq=685063 Ack=4217 Win=65536 Len=0 TSval=3015749508 TSecr=3015749505"
"102","13.017380599","127.0.0.1","127.0.0.1","HTTP2","45978","13.017380599","0.993689105","DATA[27], DATA[27], DATA[27]"
"103","13.018270022","127.0.0.1","127.0.0.1","HTTP2","101","13.018270022","0.000889423","WINDOW_UPDATE[0]"
"104","13.018575992","127.0.0.1","127.0.0.1","HTTP2","101","13.018575992","0.000305970","WINDOW_UPDATE[27]"
"105","13.018901828","127.0.0.1","127.0.0.1","TCP","66","13.018901828","0.000325836","53130  >  8822 [ACK] Seq=730975 Ack=4287 Win=65536 Len=0 TSval=3015750503 TSecr=3015750502"
"106","13.019047807","127.0.0.1","127.0.0.1","HTTP2","6803","13.019047807","0.000145979","DATA[27], DATA[27] (JPEG JFIF image)"
"107","13.019409014","127.0.0.1","127.0.0.1","HTTP2","101","13.019409014","0.000361207","WINDOW_UPDATE[0]"
"108","13.020053025","127.0.0.1","127.0.0.1","HTTP2","100","13.020053025","0.000644011","HEADERS[27]: 201 Created"
"109","13.020119710","127.0.0.1","127.0.0.1","TCP","66","13.020119710","0.000066685","53130  >  8822 [ACK] Seq=737712 Ack=4356 Win=65536 Len=0 TSval=3015750504 TSecr=3015750503"
"110","14.017659205","127.0.0.1","127.0.0.1","HTTP2","52715","14.017659205","0.997539495","DATA[29], DATA[29], DATA[29], DATA[29], DATA[29]"
"111","14.018860659","127.0.0.1","127.0.0.1","HTTP2","114","14.018860659","0.001201454","WINDOW_UPDATE[0], WINDOW_UPDATE[29]"
"112","14.019847208","127.0.0.1","127.0.0.1","HTTP2","100","14.019847208","0.000986549","HEADERS[29]: 201 Created"
"113","14.019928284","127.0.0.1","127.0.0.1","TCP","66","14.019928284","0.000081076","53130  >  8822 [ACK] Seq=790361 Ack=4438 Win=65536 Len=0 TSval=3015751504 TSecr=3015751503"
"114","15.017686524","127.0.0.1","127.0.0.1","HTTP2","45978","15.017686524","0.997758240","DATA[31], DATA[31], DATA[31]"
"115","15.018433754","127.0.0.1","127.0.0.1","HTTP2","101","15.018433754","0.000747230","WINDOW_UPDATE[0]"
"116","15.018691072","127.0.0.1","127.0.0.1","HTTP2","101","15.018691072","0.000257318","WINDOW_UPDATE[31]"
"117","15.018987878","127.0.0.1","127.0.0.1","TCP","66","15.018987878","0.000296806","53130  >  8822 [ACK] Seq=836273 Ack=4508 Win=65536 Len=0 TSval=3015752503 TSecr=3015752502"
"118","15.019132697","127.0.0.1","127.0.0.1","HTTP2","6803","15.019132697","0.000144819","DATA[31], DATA[31] (JPEG JFIF image)"
"119","15.019473622","127.0.0.1","127.0.0.1","HTTP2","101","15.019473622","0.000340925","WINDOW_UPDATE[0]"
"120","15.020536712","127.0.0.1","127.0.0.1","HTTP2","100","15.020536712","0.001063090","HEADERS[31]: 201 Created"
"121","15.020609493","127.0.0.1","127.0.0.1","TCP","66","15.020609493","0.000072781","53130  >  8822 [ACK] Seq=843010 Ack=4577 Win=65536 Len=0 TSval=3015752505 TSecr=3015752504"
"122","15.878239140","127.0.0.1","127.0.0.1","UDP","86","","","57621  >  57621 Len=44"
"123","16.017604018","127.0.0.1","127.0.0.1","HTTP2","52715","16.017604018","0.996994525","DATA[33], DATA[33], DATA[33], DATA[33], DATA[33]"
"124","16.018787386","127.0.0.1","127.0.0.1","HTTP2","114","16.018787386","0.001183368","WINDOW_UPDATE[0], WINDOW_UPDATE[33]"
"125","16.022511028","127.0.0.1","127.0.0.1","HTTP2","100","16.022511028","0.003723642","HEADERS[33]: 201 Created"
"126","16.022633457","127.0.0.1","127.0.0.1","TCP","66","16.022633457","0.000122429","53130  >  8822 [ACK] Seq=895659 Ack=4659 Win=65536 Len=0 TSval=3015753507 TSecr=3015753503"
"127","17.018885807","127.0.0.1","127.0.0.1","HTTP2","45978","17.018885807","0.996252350","DATA[35], DATA[35], DATA[35]"
"128","17.021000061","127.0.0.1","127.0.0.1","HTTP2","101","17.021000061","0.002114254","WINDOW_UPDATE[0]"
"129","17.021659553","127.0.0.1","127.0.0.1","HTTP2","101","17.021659553","0.000659492","WINDOW_UPDATE[35]"
"130","17.022573728","127.0.0.1","127.0.0.1","TCP","66","17.022573728","0.000914175","53130  >  8822 [ACK] Seq=941571 Ack=4729 Win=65536 Len=0 TSval=3015754507 TSecr=3015754505"
"131","17.023032552","127.0.0.1","127.0.0.1","HTTP2","6803","17.023032552","0.000458824","DATA[35], DATA[35] (JPEG JFIF image)"
"132","17.023942096","127.0.0.1","127.0.0.1","HTTP2","101","17.023942096","0.000909544","WINDOW_UPDATE[0]"
"133","17.025353464","127.0.0.1","127.0.0.1","HTTP2","100","17.025353464","0.001411368","HEADERS[35]: 201 Created"
"134","17.025497992","127.0.0.1","127.0.0.1","TCP","66","17.025497992","0.000144528","53130  >  8822 [ACK] Seq=948308 Ack=4798 Win=65536 Len=0 TSval=3015754510 TSecr=3015754508"
"135","18.018736542","127.0.0.1","127.0.0.1","HTTP2","52715","18.018736542","0.993238550","DATA[37], DATA[37], DATA[37], DATA[37], DATA[37]"
"136","18.021171565","127.0.0.1","127.0.0.1","HTTP2","114","18.021171565","0.002435023","WINDOW_UPDATE[0], WINDOW_UPDATE[37]"
"137","18.023078366","127.0.0.1","127.0.0.1","HTTP2","100","18.023078366","0.001906801","HEADERS[37]: 201 Created"
"138","18.023236153","127.0.0.1","127.0.0.1","TCP","66","18.023236153","0.000157787","53130  >  8822 [ACK] Seq=1000957 Ack=4880 Win=65536 Len=0 TSval=3015755507 TSecr=3015755505"
"139","19.017441772","127.0.0.1","127.0.0.1","HTTP2","45978","19.017441772","0.994205619","DATA[39], DATA[39], DATA[39]"
"140","19.018493546","127.0.0.1","127.0.0.1","HTTP2","101","19.018493546","0.001051774","WINDOW_UPDATE[0]"
"141","19.018741565","127.0.0.1","127.0.0.1","HTTP2","101","19.018741565","0.000248019","WINDOW_UPDATE[39]"
"142","19.019094092","127.0.0.1","127.0.0.1","TCP","66","19.019094092","0.000352527","53130  >  8822 [ACK] Seq=1046869 Ack=4950 Win=65536 Len=0 TSval=3015756503 TSecr=3015756503"
"143","19.019792161","127.0.0.1","127.0.0.1","HTTP2","6803","19.019792161","0.000698069","DATA[39], DATA[39] (JPEG JFIF image)"
"144","19.020678567","127.0.0.1","127.0.0.1","HTTP2","101","19.020678567","0.000886406","WINDOW_UPDATE[0]"
"145","19.021319688","127.0.0.1","127.0.0.1","HTTP2","100","19.021319688","0.000641121","HEADERS[39]: 201 Created"
"146","19.021551308","127.0.0.1","127.0.0.1","TCP","66","19.021551308","0.000231620","53130  >  8822 [ACK] Seq=1053606 Ack=5019 Win=65536 Len=0 TSval=3015756506 TSecr=3015756505"
"147","20.018936069","127.0.0.1","127.0.0.1","HTTP2","52715","20.018936069","0.997384761","DATA[41], DATA[41], DATA[41], DATA[41], DATA[41]"
"148","20.022257365","127.0.0.1","127.0.0.1","HTTP2","114","20.022257365","0.003321296","WINDOW_UPDATE[0], WINDOW_UPDATE[41]"
"149","20.024227762","127.0.0.1","127.0.0.1","HTTP2","100","20.024227762","0.001970397","HEADERS[41]: 201 Created"
"150","20.024327472","127.0.0.1","127.0.0.1","TCP","66","20.024327472","0.000099710","53130  >  8822 [ACK] Seq=1106255 Ack=5101 Win=65536 Len=0 TSval=3015757508 TSecr=3015757506"
"151","21.019254796","127.0.0.1","127.0.0.1","HTTP2","45978","21.019254796","0.994927324","DATA[43], DATA[43], DATA[43]"
"152","21.021755417","127.0.0.1","127.0.0.1","HTTP2","101","21.021755417","0.002500621","WINDOW_UPDATE[0]"
"153","21.022206684","127.0.0.1","127.0.0.1","HTTP2","101","21.022206684","0.000451267","WINDOW_UPDATE[43]"
"154","21.022506296","127.0.0.1","127.0.0.1","TCP","66","21.022506296","0.000299612","53130  >  8822 [ACK] Seq=1152167 Ack=5171 Win=65536 Len=0 TSval=3015758507 TSecr=3015758506"
"155","21.023869821","127.0.0.1","127.0.0.1","HTTP2","6803","21.023869821","0.001363525","DATA[43], DATA[43] (JPEG JFIF image)"
"156","21.024731967","127.0.0.1","127.0.0.1","HTTP2","101","21.024731967","0.000862146","WINDOW_UPDATE[0]"
"157","21.029757078","127.0.0.1","127.0.0.1","HTTP2","100","21.029757078","0.005025111","HEADERS[43]: 201 Created"
"158","21.029877871","127.0.0.1","127.0.0.1","TCP","66","21.029877871","0.000120793","53130  >  8822 [ACK] Seq=1158904 Ack=5240 Win=65536 Len=0 TSval=3015758514 TSecr=3015758509"
"159","22.018258696","127.0.0.1","127.0.0.1","HTTP2","52715","22.018258696","0.988380825","DATA[45], DATA[45], DATA[45], DATA[45], DATA[45]"
"160","22.020397342","127.0.0.1","127.0.0.1","HTTP2","114","22.020397342","0.002138646","WINDOW_UPDATE[0], WINDOW_UPDATE[45]"
"161","22.022288637","127.0.0.1","127.0.0.1","HTTP2","100","22.022288637","0.001891295","HEADERS[45]: 201 Created"
"162","22.022467545","127.0.0.1","127.0.0.1","TCP","66","22.022467545","0.000178908","53130  >  8822 [ACK] Seq=1211553 Ack=5322 Win=65536 Len=0 TSval=3015759506 TSecr=3015759504"
"163","23.018834930","127.0.0.1","127.0.0.1","HTTP2","45978","23.018834930","0.996367385","DATA[47], DATA[47], DATA[47]"
"164","23.019969221","127.0.0.1","127.0.0.1","HTTP2","101","23.019969221","0.001134291","WINDOW_UPDATE[0]"
"165","23.020374400","127.0.0.1","127.0.0.1","HTTP2","101","23.020374400","0.000405179","WINDOW_UPDATE[47]"
"166","23.020860150","127.0.0.1","127.0.0.1","TCP","66","23.020860150","0.000485750","53130  >  8822 [ACK] Seq=1257465 Ack=5392 Win=65536 Len=0 TSval=3015760505 TSecr=3015760504"
"167","23.021100054","127.0.0.1","127.0.0.1","HTTP2","6803","23.021100054","0.000239904","DATA[47], DATA[47] (JPEG JFIF image)"
"168","23.021522128","127.0.0.1","127.0.0.1","HTTP2","101","23.021522128","0.000422074","WINDOW_UPDATE[0]"
"169","23.022147417","127.0.0.1","127.0.0.1","HTTP2","100","23.022147417","0.000625289","HEADERS[47]: 201 Created"
"170","23.022217316","127.0.0.1","127.0.0.1","TCP","66","23.022217316","0.000069899","53130  >  8822 [ACK] Seq=1264202 Ack=5461 Win=65536 Len=0 TSval=3015760506 TSecr=3015760506"
"171","24.017876195","127.0.0.1","127.0.0.1","HTTP2","52715","24.017876195","0.995658879","DATA[49], DATA[49], DATA[49], DATA[49], DATA[49]"
"172","24.018761945","127.0.0.1","127.0.0.1","HTTP2","114","24.018761945","0.000885750","WINDOW_UPDATE[0], WINDOW_UPDATE[49]"
"173","24.019670274","127.0.0.1","127.0.0.1","HTTP2","100","24.019670274","0.000908329","HEADERS[49]: 201 Created"
"174","24.019744298","127.0.0.1","127.0.0.1","TCP","66","24.019744298","0.000074024","53130  >  8822 [ACK] Seq=1316851 Ack=5543 Win=65536 Len=0 TSval=3015761504 TSecr=3015761503"
"175","25.018677493","127.0.0.1","127.0.0.1","HTTP2","45978","25.018677493","0.998933195","DATA[51], DATA[51], DATA[51]"
"176","25.020864385","127.0.0.1","127.0.0.1","HTTP2","101","25.020864385","0.002186892","WINDOW_UPDATE[0]"
"177","25.021720286","127.0.0.1","127.0.0.1","HTTP2","101","25.021720286","0.000855901","WINDOW_UPDATE[51]"
"178","25.022723266","127.0.0.1","127.0.0.1","TCP","66","25.022723266","0.001002980","53130  >  8822 [ACK] Seq=1362763 Ack=5613 Win=65536 Len=0 TSval=3015762507 TSecr=3015762505"
"179","25.023109006","127.0.0.1","127.0.0.1","HTTP2","6803","25.023109006","0.000385740","DATA[51], DATA[51] (JPEG JFIF image)"
"180","25.024003240","127.0.0.1","127.0.0.1","HTTP2","101","25.024003240","0.000894234","WINDOW_UPDATE[0]"
"181","25.024925968","127.0.0.1","127.0.0.1","HTTP2","100","25.024925968","0.000922728","HEADERS[51]: 201 Created"
"182","25.025018686","127.0.0.1","127.0.0.1","TCP","66","25.025018686","0.000092718","53130  >  8822 [ACK] Seq=1369500 Ack=5682 Win=65536 Len=0 TSval=3015762509 TSecr=3015762508"
"183","26.019008783","127.0.0.1","127.0.0.1","HTTP2","52715","26.019008783","0.993990097","DATA[53], DATA[53], DATA[53], DATA[53], DATA[53]"
"184","26.021489944","127.0.0.1","127.0.0.1","HTTP2","114","26.021489944","0.002481161","WINDOW_UPDATE[0], WINDOW_UPDATE[53]"
"185","26.023137407","127.0.0.1","127.0.0.1","HTTP2","100","26.023137407","0.001647463","HEADERS[53]: 201 Created"
"186","26.023238036","127.0.0.1","127.0.0.1","TCP","66","26.023238036","0.000100629","53130  >  8822 [ACK] Seq=1422149 Ack=5764 Win=65536 Len=0 TSval=3015763507 TSecr=3015763506"
"187","27.018271215","127.0.0.1","127.0.0.1","HTTP2","45978","27.018271215","0.995033179","DATA[55], DATA[55], DATA[55]"
"188","27.020489841","127.0.0.1","127.0.0.1","HTTP2","101","27.020489841","0.002218626","WINDOW_UPDATE[0]"
"189","27.021252086","127.0.0.1","127.0.0.1","HTTP2","101","27.021252086","0.000762245","WINDOW_UPDATE[55]"
"190","27.021934822","127.0.0.1","127.0.0.1","TCP","66","27.021934822","0.000682736","53130  >  8822 [ACK] Seq=1468061 Ack=5834 Win=65536 Len=0 TSval=3015764506 TSecr=3015764505"
"191","27.022300919","127.0.0.1","127.0.0.1","HTTP2","6803","27.022300919","0.000366097","DATA[55], DATA[55] (JPEG JFIF image)"
"192","27.023048476","127.0.0.1","127.0.0.1","HTTP2","101","27.023048476","0.000747557","WINDOW_UPDATE[0]"
"193","27.024015633","127.0.0.1","127.0.0.1","HTTP2","100","27.024015633","0.000967157","HEADERS[55]: 201 Created"
"194","27.024141032","127.0.0.1","127.0.0.1","TCP","66","27.024141032","0.000125399","53130  >  8822 [ACK] Seq=1474798 Ack=5903 Win=65536 Len=0 TSval=3015764508 TSecr=3015764507"
"195","28.019075181","127.0.0.1","127.0.0.1","HTTP2","52715","28.019075181","0.994934149","DATA[57], DATA[57], DATA[57], DATA[57], DATA[57]"
"196","28.021343877","127.0.0.1","127.0.0.1","HTTP2","114","28.021343877","0.002268696","WINDOW_UPDATE[0], WINDOW_UPDATE[57]"
"197","28.023417648","127.0.0.1","127.0.0.1","HTTP2","100","28.023417648","0.002073771","HEADERS[57]: 201 Created"
"198","28.023591098","127.0.0.1","127.0.0.1","TCP","66","28.023591098","0.000173450","53130  >  8822 [ACK] Seq=1527447 Ack=5985 Win=65536 Len=0 TSval=3015765508 TSecr=3015765505"
"199","29.019736837","127.0.0.1","127.0.0.1","HTTP2","45978","29.019736837","0.996145739","DATA[59], DATA[59], DATA[59]"
"200","29.022227136","127.0.0.1","127.0.0.1","HTTP2","101","29.022227136","0.002490299","WINDOW_UPDATE[0]"
"201","29.022532137","127.0.0.1","127.0.0.1","HTTP2","101","29.022532137","0.000305001","WINDOW_UPDATE[59]"
"202","29.023015200","127.0.0.1","127.0.0.1","TCP","66","29.023015200","0.000483063","53130  >  8822 [ACK] Seq=1573359 Ack=6055 Win=65536 Len=0 TSval=3015766507 TSecr=3015766506"
"203","29.023172221","127.0.0.1","127.0.0.1","HTTP2","6803","29.023172221","0.000157021","DATA[59], DATA[59] (JPEG JFIF image)"
"204","29.023505876","127.0.0.1","127.0.0.1","HTTP2","101","29.023505876","0.000333655","WINDOW_UPDATE[0]"
"205","29.024119396","127.0.0.1","127.0.0.1","HTTP2","100","29.024119396","0.000613520","HEADERS[59]: 201 Created"
"206","29.024171253","127.0.0.1","127.0.0.1","TCP","66","29.024171253","0.000051857","53130  >  8822 [ACK] Seq=1580096 Ack=6124 Win=65536 Len=0 TSval=3015766508 TSecr=3015766508"
"207","30.019032923","127.0.0.1","127.0.0.1","HTTP2","52715","30.019032923","0.994861670","DATA[61], DATA[61], DATA[61], DATA[61], DATA[61]"
"208","30.022237812","127.0.0.1","127.0.0.1","HTTP2","114","30.022237812","0.003204889","WINDOW_UPDATE[0], WINDOW_UPDATE[61]"
"209","30.023595177","127.0.0.1","127.0.0.1","HTTP2","100","30.023595177","0.001357365","HEADERS[61]: 201 Created"
"210","30.023698532","127.0.0.1","127.0.0.1","TCP","66","30.023698532","0.000103355","53130  >  8822 [ACK] Seq=1632745 Ack=6206 Win=65536 Len=0 TSval=3015767508 TSecr=3015767506"
"211","31.019781274","127.0.0.1","127.0.0.1","HTTP2","45978","31.019781274","0.996082742","DATA[63], DATA[63], DATA[63]"
"212","31.021607619","127.0.0.1","127.0.0.1","HTTP2","101","31.021607619","0.001826345","WINDOW_UPDATE[0]"
"213","31.022035927","127.0.0.1","127.0.0.1","HTTP2","101","31.022035927","0.000428308","WINDOW_UPDATE[63]"
"214","31.022899043","127.0.0.1","127.0.0.1","TCP","66","31.022899043","0.000863116","53130  >  8822 [ACK] Seq=1678657 Ack=6276 Win=65536 Len=0 TSval=3015768507 TSecr=3015768506"
"215","31.023245115","127.0.0.1","127.0.0.1","HTTP2","6803","31.023245115","0.000346072","DATA[63], DATA[63] (JPEG JFIF image)"
"216","31.023858675","127.0.0.1","127.0.0.1","HTTP2","101","31.023858675","0.000613560","WINDOW_UPDATE[0]"
"217","31.024986137","127.0.0.1","127.0.0.1","HTTP2","100","31.024986137","0.001127462","HEADERS[63]: 201 Created"
"218","31.025133637","127.0.0.1","127.0.0.1","TCP","66","31.025133637","0.000147500","53130  >  8822 [ACK] Seq=1685394 Ack=6345 Win=65536 Len=0 TSval=3015768509 TSecr=3015768508"
"219","32.019194008","127.0.0.1","127.0.0.1","HTTP2","52715","32.019194008","0.994060371","DATA[65], DATA[65], DATA[65], DATA[65], DATA[65]"
"220","32.021671957","127.0.0.1","127.0.0.1","HTTP2","114","32.021671957","0.002477949","WINDOW_UPDATE[0], WINDOW_UPDATE[65]"
"221","32.023575937","127.0.0.1","127.0.0.1","HTTP2","100","32.023575937","0.001903980","HEADERS[65]: 201 Created"
"222","32.023760994","127.0.0.1","127.0.0.1","TCP","66","32.023760994","0.000185057","53130  >  8822 [ACK] Seq=1738043 Ack=6427 Win=65536 Len=0 TSval=3015769508 TSecr=3015769506"
"223","33.017796911","127.0.0.1","127.0.0.1","HTTP2","45978","33.017796911","0.994035917","DATA[67], DATA[67], DATA[67]"
"224","33.018519757","127.0.0.1","127.0.0.1","HTTP2","101","33.018519757","0.000722846","WINDOW_UPDATE[0]"
"225","33.018754735","127.0.0.1","127.0.0.1","HTTP2","101","33.018754735","0.000234978","WINDOW_UPDATE[67]"
"226","33.019152810","127.0.0.1","127.0.0.1","TCP","66","33.019152810","0.000398075","53130  >  8822 [ACK] Seq=1783955 Ack=6497 Win=65536 Len=0 TSval=3015770503 TSecr=3015770503"
"227","33.019309560","127.0.0.1","127.0.0.1","HTTP2","6803","33.019309560","0.000156750","DATA[67], DATA[67] (JPEG JFIF image)"
"228","33.019783653","127.0.0.1","127.0.0.1","HTTP2","101","33.019783653","0.000474093","WINDOW_UPDATE[0]"
"229","33.020607519","127.0.0.1","127.0.0.1","HTTP2","100","33.020607519","0.000823866","HEADERS[67]: 201 Created"
"230","33.020678496","127.0.0.1","127.0.0.1","TCP","66","33.020678496","0.000070977","53130  >  8822 [ACK] Seq=1790692 Ack=6566 Win=65536 Len=0 TSval=3015770505 TSecr=3015770504"
"231","34.019049053","127.0.0.1","127.0.0.1","HTTP2","52715","34.019049053","0.998370557","DATA[69], DATA[69], DATA[69], DATA[69], DATA[69]"
"232","34.021518367","127.0.0.1","127.0.0.1","HTTP2","114","34.021518367","0.002469314","WINDOW_UPDATE[0], WINDOW_UPDATE[69]"
"233","34.023287226","127.0.0.1","127.0.0.1","HTTP2","100","34.023287226","0.001768859","HEADERS[69]: 201 Created"
"234","34.023383882","127.0.0.1","127.0.0.1","TCP","66","34.023383882","0.000096656","53130  >  8822 [ACK] Seq=1843341 Ack=6648 Win=65536 Len=0 TSval=3015771507 TSecr=3015771506"
"235","35.023764150","127.0.0.1","127.0.0.1","HTTP2","45978","35.023764150","1.000380268","DATA[71], DATA[71], DATA[71]"
"236","35.025409266","127.0.0.1","127.0.0.1","HTTP2","101","35.025409266","0.001645116","WINDOW_UPDATE[0]"
"237","35.025867654","127.0.0.1","127.0.0.1","HTTP2","101","35.025867654","0.000458388","WINDOW_UPDATE[71]"
"238","35.026801303","127.0.0.1","127.0.0.1","TCP","66","35.026801303","0.000933649","53130  >  8822 [ACK] Seq=1889253 Ack=6718 Win=65536 Len=0 TSval=3015772511 TSecr=3015772509"
"239","35.027094648","127.0.0.1","127.0.0.1","HTTP2","6803","35.027094648","0.000293345","DATA[71], DATA[71] (JPEG JFIF image)"
"240","35.027496758","127.0.0.1","127.0.0.1","HTTP2","101","35.027496758","0.000402110","WINDOW_UPDATE[0]"
"241","35.028113404","127.0.0.1","127.0.0.1","HTTP2","100","35.028113404","0.000616646","HEADERS[71]: 201 Created"
"242","35.028180759","127.0.0.1","127.0.0.1","TCP","66","35.028180759","0.000067355","53130  >  8822 [ACK] Seq=1895990 Ack=6787 Win=65536 Len=0 TSval=3015772512 TSecr=3015772512"
"243","36.018752535","127.0.0.1","127.0.0.1","HTTP2","52715","36.018752535","0.990571776","DATA[73], DATA[73], DATA[73], DATA[73], DATA[73]"
"244","36.020973514","127.0.0.1","127.0.0.1","HTTP2","114","36.020973514","0.002220979","WINDOW_UPDATE[0], WINDOW_UPDATE[73]"
"245","36.022678933","127.0.0.1","127.0.0.1","HTTP2","100","36.022678933","0.001705419","HEADERS[73]: 201 Created"
"246","36.022848968","127.0.0.1","127.0.0.1","TCP","66","36.022848968","0.000170035","53130  >  8822 [ACK] Seq=1948639 Ack=6869 Win=65536 Len=0 TSval=3015773507 TSecr=3015773505"
"247","37.020650475","127.0.0.1","127.0.0.1","HTTP2","45978","37.020650475","0.997801507","DATA[75], DATA[75], DATA[75]"
"248","37.023181744","127.0.0.1","127.0.0.1","HTTP2","101","37.023181744","0.002531269","WINDOW_UPDATE[0]"
"249","37.023951485","127.0.0.1","127.0.0.1","HTTP2","101","37.023951485","0.000769741","WINDOW_UPDATE[75]"
"250","37.024617439","127.0.0.1","127.0.0.1","TCP","66","37.024617439","0.000665954","53130  >  8822 [ACK] Seq=1994551 Ack=6939 Win=65536 Len=0 TSval=3015774509 TSecr=3015774507"
"251","37.024969403","127.0.0.1","127.0.0.1","HTTP2","6803","37.024969403","0.000351964","DATA[75], DATA[75] (JPEG JFIF image)"
"252","37.025622646","127.0.0.1","127.0.0.1","HTTP2","101","37.025622646","0.000653243","WINDOW_UPDATE[0]"
"253","37.026821405","127.0.0.1","127.0.0.1","HTTP2","100","37.026821405","0.001198759","HEADERS[75]: 201 Created"
"254","37.026928080","127.0.0.1","127.0.0.1","TCP","66","37.026928080","0.000106675","53130  >  8822 [ACK] Seq=2001288 Ack=7008 Win=65536 Len=0 TSval=3015774511 TSecr=3015774510"
"255","38.019027620","127.0.0.1","127.0.0.1","HTTP2","52715","38.019027620","0.992099540","DATA[77], DATA[77], DATA[77], DATA[77], DATA[77]"
"256","38.021106900","127.0.0.1","127.0.0.1","HTTP2","114","38.021106900","0.002079280","WINDOW_UPDATE[0], WINDOW_UPDATE[77]"
"257","38.022812746","127.0.0.1","127.0.0.1","HTTP2","100","38.022812746","0.001705846","HEADERS[77]: 201 Created"
"258","38.022991349","127.0.0.1","127.0.0.1","TCP","66","38.022991349","0.000178603","53130  >  8822 [ACK] Seq=2053937 Ack=7090 Win=65536 Len=0 TSval=3015775507 TSecr=3015775505"
"259","39.018343466","127.0.0.1","127.0.0.1","HTTP2","45978","39.018343466","0.995352117","DATA[79], DATA[79], DATA[79]"
"260","39.020801503","127.0.0.1","127.0.0.1","HTTP2","101","39.020801503","0.002458037","WINDOW_UPDATE[0]"
"261","39.021559593","127.0.0.1","127.0.0.1","HTTP2","101","39.021559593","0.000758090","WINDOW_UPDATE[79]"
"262","39.022406187","127.0.0.1","127.0.0.1","TCP","66","39.022406187","0.000846594","53130  >  8822 [ACK] Seq=2099849 Ack=7160 Win=65536 Len=0 TSval=3015776506 TSecr=3015776505"
"263","39.022852913","127.0.0.1","127.0.0.1","HTTP2","6803","39.022852913","0.000446726","DATA[79], DATA[79] (JPEG JFIF image)"
"264","39.023575130","127.0.0.1","127.0.0.1","HTTP2","101","39.023575130","0.000722217","WINDOW_UPDATE[0]"
"265","39.024870494","127.0.0.1","127.0.0.1","HTTP2","100","39.024870494","0.001295364","HEADERS[79]: 201 Created"
"266","39.025066467","127.0.0.1","127.0.0.1","TCP","66","39.025066467","0.000195973","53130  >  8822 [ACK] Seq=2106586 Ack=7229 Win=65536 Len=0 TSval=3015776509 TSecr=3015776508"
"267","39.427618906","127.0.0.1","127.0.0.1","TCP","66","39.427618906","0.402552439","53130  >  8822 [FIN, ACK] Seq=2106586 Ack=7229 Win=65536 Len=0 TSval=3015776912 TSecr=3015776508"
"268","39.428168459","127.0.0.1","127.0.0.1","TCP","66","39.428168459","0.000549553","8822  >  53130 [FIN, ACK] Seq=7229 Ack=2106587 Win=2223104 Len=0 TSval=3015776912 TSecr=3015776912"
"269","39.428196108","127.0.0.1","127.0.0.1","TCP","66","39.428196108","0.000027649","53130  >  8822 [ACK] Seq=2106587 Ack=7230 Win=65536 Len=0 TSval=3015776912 TSecr=3015776912"
"270","45.878142474","127.0.0.1","127.0.0.1","UDP","86","","","57621  >  57621 Len=44"
